,YEAR,month,type,amount
1,1992,JAN,MED,146913
2,1992,FEB,MED,147270
3,1992,MAR,MED,146831
4,1992,APR,MED,148082
5,1992,MAY,MED,149015
6,1992,JUN,MED,149821
7,1992,JUL,MED,150809
8,1992,AUG,MED,151064
9,1992,SEP,MED,152595
10,1992,OCT,MED,153577
11,1992,NOV,MED,153605
12,1992,DEC,MED,155504
13,1992,JAN,LOW,138283.1
14,1992,FEB,LOW,139097.8
15,1992,MAR,LOW,139707.8
16,1992,APR,LOW,146174.1
17,1992,MAY,LOW,144659.5
18,1992,JUN,LOW,140761.8
19,1992,JUL,LOW,145347.8
20,1992,AUG,LOW,149368.9
21,1992,SEP,LOW,145721.9
22,1992,OCT,LOW,151195.6
23,1992,NOV,LOW,150228.7
24,1992,DEC,LOW,146701.6
25,1992,JAN,HIGH,148180.5
26,1992,FEB,HIGH,150315.3
27,1992,MAR,HIGH,149089.4
28,1992,APR,HIGH,157623.9
29,1992,MAY,HIGH,155522.7
30,1992,JUN,HIGH,158115.4
31,1992,JUL,HIGH,160292.5
32,1992,AUG,HIGH,152280.8
33,1992,SEP,HIGH,154387.8
34,1992,OCT,HIGH,157158
35,1992,NOV,HIGH,158224.6
36,1992,DEC,HIGH,162142.4
37,1993,JAN,MED,157525
38,1993,FEB,MED,156292
39,1993,MAR,MED,154774
40,1993,APR,MED,158996
41,1993,MAY,MED,160624
42,1993,JUN,MED,160171
43,1993,JUL,MED,162832
44,1993,AUG,MED,162491
45,1993,SEP,MED,163285
46,1993,OCT,MED,164711
47,1993,NOV,MED,166593
48,1993,DEC,MED,168101
49,1993,JAN,LOW,148895.1
50,1993,FEB,LOW,148119.8
51,1993,MAR,LOW,147650.8
52,1993,APR,LOW,157088.1
53,1993,MAY,LOW,156268.5
54,1993,JUN,LOW,151111.8
55,1993,JUL,LOW,157370.8
56,1993,AUG,LOW,160795.9
57,1993,SEP,LOW,156411.9
58,1993,OCT,LOW,162329.6
59,1993,NOV,LOW,163216.7
60,1993,DEC,LOW,159298.6
61,1993,JAN,HIGH,158792.5
62,1993,FEB,HIGH,159337.3
63,1993,MAR,HIGH,157032.4
64,1993,APR,HIGH,168537.9
65,1993,MAY,HIGH,167131.7
66,1993,JUN,HIGH,168465.4
67,1993,JUL,HIGH,172315.5
68,1993,AUG,HIGH,163707.8
69,1993,SEP,HIGH,165077.8
70,1993,OCT,HIGH,168292
71,1993,NOV,HIGH,171212.6
72,1993,DEC,HIGH,174739.4
73,1994,JAN,MED,167504
74,1994,FEB,MED,169652
75,1994,MAR,MED,172775
76,1994,APR,MED,173099
77,1994,MAY,MED,172340
78,1994,JUN,MED,174307
79,1994,JUL,MED,174801
80,1994,AUG,MED,177289
81,1994,SEP,MED,178776
82,1994,OCT,MED,180569
83,1994,NOV,MED,180695
84,1994,DEC,MED,181492
85,1994,JAN,LOW,158874.1
86,1994,FEB,LOW,161479.8
87,1994,MAR,LOW,165651.8
88,1994,APR,LOW,171191.1
89,1994,MAY,LOW,167984.5
90,1994,JUN,LOW,165247.8
91,1994,JUL,LOW,169339.8
92,1994,AUG,LOW,175593.9
93,1994,SEP,LOW,171902.9
94,1994,OCT,LOW,178187.6
95,1994,NOV,LOW,177318.7
96,1994,DEC,LOW,172689.6
97,1994,JAN,HIGH,168771.5
98,1994,FEB,HIGH,172697.3
99,1994,MAR,HIGH,175033.4
100,1994,APR,HIGH,182640.9
101,1994,MAY,HIGH,178847.7
102,1994,JUN,HIGH,182601.4
103,1994,JUL,HIGH,184284.5
104,1994,AUG,HIGH,178505.8
105,1994,SEP,HIGH,180568.8
106,1994,OCT,HIGH,184150
107,1994,NOV,HIGH,185314.6
108,1994,DEC,HIGH,188130.4
109,1995,JAN,MED,182423
110,1995,FEB,MED,179472
111,1995,MAR,MED,180996
112,1995,APR,MED,181702
113,1995,MAY,MED,183543
114,1995,JUN,MED,186088
115,1995,JUL,MED,185470
116,1995,AUG,MED,186814
117,1995,SEP,MED,187338
118,1995,OCT,MED,186546
119,1995,NOV,MED,189052
120,1995,DEC,MED,190809
121,1995,JAN,LOW,173793.1
122,1995,FEB,LOW,171299.8
123,1995,MAR,LOW,173872.8
124,1995,APR,LOW,179794.1
125,1995,MAY,LOW,179187.5
126,1995,JUN,LOW,177028.8
127,1995,JUL,LOW,180008.8
128,1995,AUG,LOW,185118.9
129,1995,SEP,LOW,180464.9
130,1995,OCT,LOW,184164.6
131,1995,NOV,LOW,185675.7
132,1995,DEC,LOW,182006.6
133,1995,JAN,HIGH,183690.5
134,1995,FEB,HIGH,182517.3
135,1995,MAR,HIGH,183254.4
136,1995,APR,HIGH,191243.9
137,1995,MAY,HIGH,190050.7
138,1995,JUN,HIGH,194382.4
139,1995,JUL,HIGH,194953.5
140,1995,AUG,HIGH,188030.8
141,1995,SEP,HIGH,189130.8
142,1995,OCT,HIGH,190127
143,1995,NOV,HIGH,193671.6
144,1995,DEC,HIGH,197447.4
145,1996,JAN,MED,189167
146,1996,FEB,MED,192269
147,1996,MAR,MED,193993
148,1996,APR,MED,194712
149,1996,MAY,MED,196210
150,1996,JUN,MED,196127
151,1996,JUL,MED,196229
152,1996,AUG,MED,196215
153,1996,SEP,MED,198843
154,1996,OCT,MED,200488
155,1996,NOV,MED,200200
156,1996,DEC,MED,201191
157,1996,JAN,LOW,180537.1
158,1996,FEB,LOW,184096.8
159,1996,MAR,LOW,186869.8
160,1996,APR,LOW,192804.1
161,1996,MAY,LOW,191854.5
162,1996,JUN,LOW,187067.8
163,1996,JUL,LOW,190767.8
164,1996,AUG,LOW,194519.9
165,1996,SEP,LOW,191969.9
166,1996,OCT,LOW,198106.6
167,1996,NOV,LOW,196823.7
168,1996,DEC,LOW,192388.6
169,1996,JAN,HIGH,190434.5
170,1996,FEB,HIGH,195314.3
171,1996,MAR,HIGH,196251.4
172,1996,APR,HIGH,204253.9
173,1996,MAY,HIGH,202717.7
174,1996,JUN,HIGH,204421.4
175,1996,JUL,HIGH,205712.5
176,1996,AUG,HIGH,197431.8
177,1996,SEP,HIGH,200635.8
178,1996,OCT,HIGH,204069
179,1996,NOV,HIGH,204819.6
180,1996,DEC,HIGH,207829.4
181,1997,JAN,MED,202414
182,1997,FEB,MED,204273
183,1997,MAR,MED,204965
184,1997,APR,MED,203372
185,1997,MAY,MED,201676
186,1997,JUN,MED,204666
187,1997,JUL,MED,207049
188,1997,AUG,MED,207643
189,1997,SEP,MED,208298
190,1997,OCT,MED,208064
191,1997,NOV,MED,208982
192,1997,DEC,MED,209379
193,1997,JAN,LOW,193784.1
194,1997,FEB,LOW,196100.8
195,1997,MAR,LOW,197841.8
196,1997,APR,LOW,201464.1
197,1997,MAY,LOW,197320.5
198,1997,JUN,LOW,195606.8
199,1997,JUL,LOW,201587.8
200,1997,AUG,LOW,205947.9
201,1997,SEP,LOW,201424.9
202,1997,OCT,LOW,205682.6
203,1997,NOV,LOW,205605.7
204,1997,DEC,LOW,200576.6
205,1997,JAN,HIGH,203681.5
206,1997,FEB,HIGH,207318.3
207,1997,MAR,HIGH,207223.4
208,1997,APR,HIGH,212913.9
209,1997,MAY,HIGH,208183.7
210,1997,JUN,HIGH,212960.4
211,1997,JUL,HIGH,216532.5
212,1997,AUG,HIGH,208859.8
213,1997,SEP,HIGH,210090.8
214,1997,OCT,HIGH,211645
215,1997,NOV,HIGH,213601.6
216,1997,DEC,HIGH,216017.4
217,1998,JAN,MED,209684
218,1998,FEB,MED,209532
219,1998,MAR,MED,210792
220,1998,APR,MED,213623
221,1998,MAY,MED,214619
222,1998,JUN,MED,216324
223,1998,JUL,MED,214853
224,1998,AUG,MED,213669
225,1998,SEP,MED,215712
226,1998,OCT,MED,219465
227,1998,NOV,MED,221150
228,1998,DEC,MED,223226
229,1998,JAN,LOW,201054.1
230,1998,FEB,LOW,201359.8
231,1998,MAR,LOW,203668.8
232,1998,APR,LOW,211715.1
233,1998,MAY,LOW,210263.5
234,1998,JUN,LOW,207264.8
235,1998,JUL,LOW,209391.8
236,1998,AUG,LOW,211973.9
237,1998,SEP,LOW,208838.9
238,1998,OCT,LOW,217083.6
239,1998,NOV,LOW,217773.7
240,1998,DEC,LOW,214423.6
241,1998,JAN,HIGH,210951.5
242,1998,FEB,HIGH,212577.3
243,1998,MAR,HIGH,213050.4
244,1998,APR,HIGH,223164.9
245,1998,MAY,HIGH,221126.7
246,1998,JUN,HIGH,224618.4
247,1998,JUL,HIGH,224336.5
248,1998,AUG,HIGH,214885.8
249,1998,SEP,HIGH,217504.8
250,1998,OCT,HIGH,223046
251,1998,NOV,HIGH,225769.6
252,1998,DEC,HIGH,229864.4
253,1999,JAN,MED,224020
254,1999,FEB,MED,226240
255,1999,MAR,MED,227407
256,1999,APR,MED,228978
257,1999,MAY,MED,231238
258,1999,JUN,MED,231926
259,1999,JUL,MED,233933
260,1999,AUG,MED,236589
261,1999,SEP,MED,237516
262,1999,OCT,MED,237560
263,1999,NOV,MED,240462
264,1999,DEC,MED,245498
265,1999,JAN,LOW,215390.1
266,1999,FEB,LOW,218067.8
267,1999,MAR,LOW,220283.8
268,1999,APR,LOW,227070.1
269,1999,MAY,LOW,226882.5
270,1999,JUN,LOW,222866.8
271,1999,JUL,LOW,228471.8
272,1999,AUG,LOW,234893.9
273,1999,SEP,LOW,230642.9
274,1999,OCT,LOW,235178.6
275,1999,NOV,LOW,237085.7
276,1999,DEC,LOW,236695.6
277,1999,JAN,HIGH,225287.5
278,1999,FEB,HIGH,229285.3
279,1999,MAR,HIGH,229665.4
280,1999,APR,HIGH,238519.9
281,1999,MAY,HIGH,237745.7
282,1999,JUN,HIGH,240220.4
283,1999,JUL,HIGH,243416.5
284,1999,AUG,HIGH,237805.8
285,1999,SEP,HIGH,239308.8
286,1999,OCT,HIGH,241141
287,1999,NOV,HIGH,245081.6
288,1999,DEC,HIGH,252136.4
289,2000,JAN,MED,243483
290,2000,FEB,MED,247133
291,2000,MAR,MED,249847
292,2000,APR,MED,245789
293,2000,MAY,MED,246225
294,2000,JUN,MED,248178
295,2000,JUL,MED,247184
296,2000,AUG,MED,247601
297,2000,SEP,MED,251812
298,2000,OCT,MED,251267
299,2000,NOV,MED,250225
300,2000,DEC,MED,250603
301,2000,JAN,LOW,234853.1
302,2000,FEB,LOW,238960.8
303,2000,MAR,LOW,242723.8
304,2000,APR,LOW,243881.1
305,2000,MAY,LOW,241869.5
306,2000,JUN,LOW,239118.8
307,2000,JUL,LOW,241722.8
308,2000,AUG,LOW,245905.9
309,2000,SEP,LOW,244938.9
310,2000,OCT,LOW,248885.6
311,2000,NOV,LOW,246848.7
312,2000,DEC,LOW,241800.6
313,2000,JAN,HIGH,244750.5
314,2000,FEB,HIGH,250178.3
315,2000,MAR,HIGH,252105.4
316,2000,APR,HIGH,255330.9
317,2000,MAY,HIGH,252732.7
318,2000,JUN,HIGH,256472.4
319,2000,JUL,HIGH,256667.5
320,2000,AUG,HIGH,248817.8
321,2000,SEP,HIGH,253604.8
322,2000,OCT,HIGH,254848
323,2000,NOV,HIGH,254844.6
324,2000,DEC,HIGH,257241.4
325,2001,JAN,MED,252736
326,2001,FEB,MED,252730
327,2001,MAR,MED,250346
328,2001,APR,MED,254759
329,2001,MAY,MED,255262
330,2001,JUN,MED,254020
331,2001,JUL,MED,253015
332,2001,AUG,MED,254570
333,2001,SEP,MED,249856
334,2001,OCT,MED,268072
335,2001,NOV,MED,260363
336,2001,DEC,MED,256552
337,2001,JAN,LOW,244106.1
338,2001,FEB,LOW,244557.8
339,2001,MAR,LOW,243222.8
340,2001,APR,LOW,252851.1
341,2001,MAY,LOW,250906.5
342,2001,JUN,LOW,244960.8
343,2001,JUL,LOW,247553.8
344,2001,AUG,LOW,252874.9
345,2001,SEP,LOW,242982.9
346,2001,OCT,LOW,265690.6
347,2001,NOV,LOW,256986.7
348,2001,DEC,LOW,247749.6
349,2001,JAN,HIGH,254003.5
350,2001,FEB,HIGH,255775.3
351,2001,MAR,HIGH,252604.4
352,2001,APR,HIGH,264300.9
353,2001,MAY,HIGH,261769.7
354,2001,JUN,HIGH,262314.4
355,2001,JUL,HIGH,262498.5
356,2001,AUG,HIGH,255786.8
357,2001,SEP,HIGH,251648.8
358,2001,OCT,HIGH,271653
359,2001,NOV,HIGH,264982.6
360,2001,DEC,HIGH,263190.4
361,2002,JAN,MED,256376
362,2002,FEB,MED,257677
363,2002,MAR,MED,257060
364,2002,APR,MED,261320
365,2002,MAY,MED,257616
366,2002,JUN,MED,259815
367,2002,JUL,MED,262811
368,2002,AUG,MED,264975
369,2002,SEP,MED,260650
370,2002,OCT,MED,262011
371,2002,NOV,MED,263559
372,2002,DEC,MED,265802
373,2002,JAN,LOW,247746.1
374,2002,FEB,LOW,249504.8
375,2002,MAR,LOW,249936.8
376,2002,APR,LOW,259412.1
377,2002,MAY,LOW,253260.5
378,2002,JUN,LOW,250755.8
379,2002,JUL,LOW,257349.8
380,2002,AUG,LOW,263279.9
381,2002,SEP,LOW,253776.9
382,2002,OCT,LOW,259629.6
383,2002,NOV,LOW,260182.7
384,2002,DEC,LOW,256999.6
385,2002,JAN,HIGH,257643.5
386,2002,FEB,HIGH,260722.3
387,2002,MAR,HIGH,259318.4
388,2002,APR,HIGH,270861.9
389,2002,MAY,HIGH,264123.7
390,2002,JUN,HIGH,268109.4
391,2002,JUL,HIGH,272294.5
392,2002,AUG,HIGH,266191.8
393,2002,SEP,HIGH,262442.8
394,2002,OCT,HIGH,265592
395,2002,NOV,HIGH,268178.6
396,2002,DEC,HIGH,272440.4
397,2003,JAN,MED,267276
398,2003,FEB,MED,263199
399,2003,MAR,MED,267842
400,2003,APR,MED,267240
401,2003,MAY,MED,267347
402,2003,JUN,MED,270432
403,2003,JUL,MED,273393
404,2003,AUG,MED,277901
405,2003,SEP,MED,276413
406,2003,OCT,MED,274779
407,2003,NOV,MED,278322
408,2003,DEC,MED,277567
409,2003,JAN,LOW,258646.1
410,2003,FEB,LOW,255026.8
411,2003,MAR,LOW,260718.8
412,2003,APR,LOW,265332.1
413,2003,MAY,LOW,262991.5
414,2003,JUN,LOW,261372.8
415,2003,JUL,LOW,267931.8
416,2003,AUG,LOW,276205.9
417,2003,SEP,LOW,269539.9
418,2003,OCT,LOW,272397.6
419,2003,NOV,LOW,274945.7
420,2003,DEC,LOW,268764.6
421,2003,JAN,HIGH,268543.5
422,2003,FEB,HIGH,266244.3
423,2003,MAR,HIGH,270100.4
424,2003,APR,HIGH,276781.9
425,2003,MAY,HIGH,273854.7
426,2003,JUN,HIGH,278726.4
427,2003,JUL,HIGH,282876.5
428,2003,AUG,HIGH,279117.8
429,2003,SEP,HIGH,278205.8
430,2003,OCT,HIGH,278360
431,2003,NOV,HIGH,282941.6
432,2003,DEC,HIGH,284205.4
433,2004,JAN,MED,278884
434,2004,FEB,MED,280966
435,2004,MAR,MED,286232
436,2004,APR,MED,282971
437,2004,MAY,MED,288250
438,2004,JUN,MED,284146
439,2004,JUL,MED,287341
440,2004,AUG,MED,287909
441,2004,SEP,MED,293177
442,2004,OCT,MED,295055
443,2004,NOV,MED,296178
444,2004,DEC,MED,299766
445,2004,JAN,LOW,270254.1
446,2004,FEB,LOW,272793.8
447,2004,MAR,LOW,279108.8
448,2004,APR,LOW,281063.1
449,2004,MAY,LOW,283894.5
450,2004,JUN,LOW,275086.8
451,2004,JUL,LOW,281879.8
452,2004,AUG,LOW,286213.9
453,2004,SEP,LOW,286303.9
454,2004,OCT,LOW,292673.6
455,2004,NOV,LOW,292801.7
456,2004,DEC,LOW,290963.6
457,2004,JAN,HIGH,280151.5
458,2004,FEB,HIGH,284011.3
459,2004,MAR,HIGH,288490.4
460,2004,APR,HIGH,292512.9
461,2004,MAY,HIGH,294757.7
462,2004,JUN,HIGH,292440.4
463,2004,JUL,HIGH,296824.5
464,2004,AUG,HIGH,289125.8
465,2004,SEP,HIGH,294969.8
466,2004,OCT,HIGH,298636
467,2004,NOV,HIGH,300797.6
468,2004,DEC,HIGH,306404.4
469,2005,JAN,MED,297728
470,2005,FEB,MED,299986
471,2005,MAR,MED,299958
472,2005,APR,MED,304710
473,2005,MAY,MED,301572
474,2005,JUN,MED,311171
475,2005,JUL,MED,314562
476,2005,AUG,MED,309404
477,2005,SEP,MED,310084
478,2005,OCT,MED,311034
479,2005,NOV,MED,313282
480,2005,DEC,MED,313107
481,2005,JAN,LOW,289098.1
482,2005,FEB,LOW,291813.8
483,2005,MAR,LOW,292834.8
484,2005,APR,LOW,302802.1
485,2005,MAY,LOW,297216.5
486,2005,JUN,LOW,302111.8
487,2005,JUL,LOW,309100.8
488,2005,AUG,LOW,307708.9
489,2005,SEP,LOW,303210.9
490,2005,OCT,LOW,308652.6
491,2005,NOV,LOW,309905.7
492,2005,DEC,LOW,304304.6
493,2005,JAN,HIGH,298995.5
494,2005,FEB,HIGH,303031.3
495,2005,MAR,HIGH,302216.4
496,2005,APR,HIGH,314251.9
497,2005,MAY,HIGH,308079.7
498,2005,JUN,HIGH,319465.4
499,2005,JUL,HIGH,324045.5
500,2005,AUG,HIGH,310620.8
501,2005,SEP,HIGH,311876.8
502,2005,OCT,HIGH,314615
503,2005,NOV,HIGH,317901.6
504,2005,DEC,HIGH,319745.4
505,2006,JAN,MED,322795
506,2006,FEB,MED,319887
507,2006,MAR,MED,321428
508,2006,APR,MED,322769
509,2006,MAY,MED,321283
510,2006,JUN,MED,322795
511,2006,JUL,MED,325038
512,2006,AUG,MED,324913
513,2006,SEP,MED,323029
514,2006,OCT,MED,322747
515,2006,NOV,MED,323367
516,2006,DEC,MED,327600
517,2006,JAN,LOW,314165.1
518,2006,FEB,LOW,311714.8
519,2006,MAR,LOW,314304.8
520,2006,APR,LOW,320861.1
521,2006,MAY,LOW,316927.5
522,2006,JUN,LOW,313735.8
523,2006,JUL,LOW,319576.8
524,2006,AUG,LOW,323217.9
525,2006,SEP,LOW,316155.9
526,2006,OCT,LOW,320365.6
527,2006,NOV,LOW,319990.7
528,2006,DEC,LOW,318797.6
529,2006,JAN,HIGH,324062.5
530,2006,FEB,HIGH,322932.3
531,2006,MAR,HIGH,323686.4
532,2006,APR,HIGH,332310.9
533,2006,MAY,HIGH,327790.7
534,2006,JUN,HIGH,331089.4
535,2006,JUL,HIGH,334521.5
536,2006,AUG,HIGH,326129.8
537,2006,SEP,HIGH,324821.8
538,2006,OCT,HIGH,326328
539,2006,NOV,HIGH,327986.6
540,2006,DEC,HIGH,334238.4
541,2007,JAN,MED,326922
542,2007,FEB,MED,327893
543,2007,MAR,MED,330819
544,2007,APR,MED,329256
545,2007,MAY,MED,333889
546,2007,JUN,MED,331164
547,2007,JUL,MED,332620
548,2007,AUG,MED,333824
549,2007,SEP,MED,336431
550,2007,OCT,MED,337090
551,2007,NOV,MED,340383
552,2007,DEC,MED,336829
553,2007,JAN,LOW,318292.1
554,2007,FEB,LOW,319720.8
555,2007,MAR,LOW,323695.8
556,2007,APR,LOW,327348.1
557,2007,MAY,LOW,329533.5
558,2007,JUN,LOW,322104.8
559,2007,JUL,LOW,327158.8
560,2007,AUG,LOW,332128.9
561,2007,SEP,LOW,329557.9
562,2007,OCT,LOW,334708.6
563,2007,NOV,LOW,337006.7
564,2007,DEC,LOW,328026.6
565,2007,JAN,HIGH,328189.5
566,2007,FEB,HIGH,330938.3
567,2007,MAR,HIGH,333077.4
568,2007,APR,HIGH,338797.9
569,2007,MAY,HIGH,340396.7
570,2007,JUN,HIGH,339458.4
571,2007,JUL,HIGH,342103.5
572,2007,AUG,HIGH,335040.8
573,2007,SEP,HIGH,338223.8
574,2007,OCT,HIGH,340671
575,2007,NOV,HIGH,345002.6
576,2007,DEC,HIGH,343467.4
577,2008,JAN,MED,337274
578,2008,FEB,MED,334469
579,2008,MAR,MED,334559
580,2008,APR,MED,336101
581,2008,MAY,MED,337383
582,2008,JUN,MED,338832
583,2008,JUL,MED,336771
584,2008,AUG,MED,334481
585,2008,SEP,MED,327779
586,2008,OCT,MED,314828
587,2008,NOV,MED,302285
588,2008,DEC,MED,293959
589,2008,JAN,LOW,328644.1
590,2008,FEB,LOW,326296.8
591,2008,MAR,LOW,327435.8
592,2008,APR,LOW,334193.1
593,2008,MAY,LOW,333027.5
594,2008,JUN,LOW,329772.8
595,2008,JUL,LOW,331309.8
596,2008,AUG,LOW,332785.9
597,2008,SEP,LOW,320905.9
598,2008,OCT,LOW,312446.6
599,2008,NOV,LOW,298908.7
600,2008,DEC,LOW,285156.6
601,2008,JAN,HIGH,338541.5
602,2008,FEB,HIGH,337514.3
603,2008,MAR,HIGH,336817.4
604,2008,APR,HIGH,345642.9
605,2008,MAY,HIGH,343890.7
606,2008,JUN,HIGH,347126.4
607,2008,JUL,HIGH,346254.5
608,2008,AUG,HIGH,335697.8
609,2008,SEP,HIGH,329571.8
610,2008,OCT,HIGH,318409
611,2008,NOV,HIGH,306904.6
612,2008,DEC,HIGH,300597.4
613,2009,JAN,MED,298565
614,2009,FEB,MED,297933
615,2009,MAR,MED,292857
616,2009,APR,MED,293419
617,2009,MAY,MED,297060
618,2009,JUN,MED,301671
619,2009,JUL,MED,302901
620,2009,AUG,MED,309581
621,2009,SEP,MED,301199
622,2009,OCT,MED,303962
623,2009,NOV,MED,307190
624,2009,DEC,MED,308501
625,2009,JAN,LOW,289935.1
626,2009,FEB,LOW,289760.8
627,2009,MAR,LOW,285733.8
628,2009,APR,LOW,291511.1
629,2009,MAY,LOW,292704.5
630,2009,JUN,LOW,292611.8
631,2009,JUL,LOW,297439.8
632,2009,AUG,LOW,307885.9
633,2009,SEP,LOW,294325.9
634,2009,OCT,LOW,301580.6
635,2009,NOV,LOW,303813.7
636,2009,DEC,LOW,299698.6
637,2009,JAN,HIGH,299832.5
638,2009,FEB,HIGH,300978.3
639,2009,MAR,HIGH,295115.4
640,2009,APR,HIGH,302960.9
641,2009,MAY,HIGH,303567.7
642,2009,JUN,HIGH,309965.4
643,2009,JUL,HIGH,312384.5
644,2009,AUG,HIGH,310797.8
645,2009,SEP,HIGH,302991.8
646,2009,OCT,HIGH,307543
647,2009,NOV,HIGH,311809.6
648,2009,DEC,HIGH,315139.4
649,2010,JAN,MED,309140
650,2010,FEB,MED,308807
651,2010,MAR,MED,316242
652,2010,APR,MED,318115
653,2010,MAY,MED,315985
654,2010,JUN,MED,315379
655,2010,JUL,MED,315716
656,2010,AUG,MED,317501
657,2010,SEP,MED,320346
658,2010,OCT,MED,324941
659,2010,NOV,MED,327271
660,2010,DEC,MED,329974
661,2010,JAN,LOW,300510.1
662,2010,FEB,LOW,300634.8
663,2010,MAR,LOW,309118.8
664,2010,APR,LOW,316207.1
665,2010,MAY,LOW,311629.5
666,2010,JUN,LOW,306319.8
667,2010,JUL,LOW,310254.8
668,2010,AUG,LOW,315805.9
669,2010,SEP,LOW,313472.9
670,2010,OCT,LOW,322559.6
671,2010,NOV,LOW,323894.7
672,2010,DEC,LOW,321171.6
673,2010,JAN,HIGH,310407.5
674,2010,FEB,HIGH,311852.3
675,2010,MAR,HIGH,318500.4
676,2010,APR,HIGH,327656.9
677,2010,MAY,HIGH,322492.7
678,2010,JUN,HIGH,323673.4
679,2010,JUL,HIGH,325199.5
680,2010,AUG,HIGH,318717.8
681,2010,SEP,HIGH,322138.8
682,2010,OCT,HIGH,328522
683,2010,NOV,HIGH,331890.6
684,2010,DEC,HIGH,336612.4
685,2011,JAN,MED,332752
686,2011,FEB,MED,334679
687,2011,MAR,MED,338207
688,2011,APR,MED,339991
689,2011,MAY,MED,339664
690,2011,JUN,MED,341859
691,2011,JUL,MED,342554
692,2011,AUG,MED,342093
693,2011,SEP,MED,345332
694,2011,OCT,MED,348631
695,2011,NOV,MED,349723
696,2011,DEC,MED,349714
697,2011,JAN,LOW,324122.1
698,2011,FEB,LOW,326506.8
699,2011,MAR,LOW,331083.8
700,2011,APR,LOW,338083.1
701,2011,MAY,LOW,335308.5
702,2011,JUN,LOW,332799.8
703,2011,JUL,LOW,337092.8
704,2011,AUG,LOW,340397.9
705,2011,SEP,LOW,338458.9
706,2011,OCT,LOW,346249.6
707,2011,NOV,LOW,346346.7
708,2011,DEC,LOW,340911.6
709,2011,JAN,HIGH,334019.5
710,2011,FEB,HIGH,337724.3
711,2011,MAR,HIGH,340465.4
712,2011,APR,HIGH,349532.9
713,2011,MAY,HIGH,346171.7
714,2011,JUN,HIGH,350153.4
715,2011,JUL,HIGH,352037.5
716,2011,AUG,HIGH,343309.8
717,2011,SEP,HIGH,347124.8
718,2011,OCT,HIGH,352212
719,2011,NOV,HIGH,354342.6
720,2011,DEC,HIGH,356352.4
721,2012,JAN,MED,352598
722,2012,FEB,MED,357278
723,2012,MAR,MED,359189
724,2012,APR,MED,356541
725,2012,MAY,MED,356256
726,2012,JUN,MED,352397
727,2012,JUL,MED,354292
728,2012,AUG,MED,358479
729,2012,SEP,MED,362886
730,2012,OCT,MED,362014
731,2012,NOV,MED,363393
732,2012,DEC,MED,365669
733,2012,JAN,LOW,343968.1
734,2012,FEB,LOW,349105.8
735,2012,MAR,LOW,352065.8
736,2012,APR,LOW,354633.1
737,2012,MAY,LOW,351900.5
738,2012,JUN,LOW,343337.8
739,2012,JUL,LOW,348830.8
740,2012,AUG,LOW,356783.9
741,2012,SEP,LOW,356012.9
742,2012,OCT,LOW,359632.6
743,2012,NOV,LOW,360016.7
744,2012,DEC,LOW,356866.6
745,2012,JAN,HIGH,353865.5
746,2012,FEB,HIGH,360323.3
747,2012,MAR,HIGH,361447.4
748,2012,APR,HIGH,366082.9
749,2012,MAY,HIGH,362763.7
750,2012,JUN,HIGH,360691.4
751,2012,JUL,HIGH,363775.5
752,2012,AUG,HIGH,359695.8
753,2012,SEP,HIGH,364678.8
754,2012,OCT,HIGH,365595
755,2012,NOV,HIGH,368012.6
756,2012,DEC,HIGH,372307.4
757,2013,JAN,MED,367676
758,2013,FEB,MED,372573
759,2013,MAR,MED,369575
760,2013,APR,MED,368614
761,2013,MAY,MED,370671
762,2013,JUN,MED,372894
763,2013,JUL,MED,374280
764,2013,AUG,MED,372768
765,2013,SEP,MED,373610
766,2013,OCT,MED,374196
767,2013,NOV,MED,374691
768,2013,DEC,MED,377425
769,2013,JAN,LOW,359046.1
770,2013,FEB,LOW,364400.8
771,2013,MAR,LOW,362451.8
772,2013,APR,LOW,366706.1
773,2013,MAY,LOW,366315.5
774,2013,JUN,LOW,363834.8
775,2013,JUL,LOW,368818.8
776,2013,AUG,LOW,371072.9
777,2013,SEP,LOW,366736.9
778,2013,OCT,LOW,371814.6
779,2013,NOV,LOW,371314.7
780,2013,DEC,LOW,368622.6
781,2013,JAN,HIGH,368943.5
782,2013,FEB,HIGH,375618.3
783,2013,MAR,HIGH,371833.4
784,2013,APR,HIGH,378155.9
785,2013,MAY,HIGH,377178.7
786,2013,JUN,HIGH,381188.4
787,2013,JUL,HIGH,383763.5
788,2013,AUG,HIGH,373984.8
789,2013,SEP,HIGH,375402.8
790,2013,OCT,HIGH,377777
791,2013,NOV,HIGH,379310.6
792,2013,DEC,HIGH,384063.4
793,2014,JAN,MED,373036
794,2014,FEB,MED,377666
795,2014,MAR,MED,382356
796,2014,APR,MED,385855
797,2014,MAY,MED,385572
798,2014,JUN,MED,388226
799,2014,JUL,MED,387541
800,2014,AUG,MED,389924
801,2014,SEP,MED,388478
802,2014,OCT,MED,390183
803,2014,NOV,MED,392426
804,2014,DEC,MED,387188
805,2014,JAN,LOW,364406.1
806,2014,FEB,LOW,369493.8
807,2014,MAR,LOW,375232.8
808,2014,APR,LOW,383947.1
809,2014,MAY,LOW,381216.5
810,2014,JUN,LOW,379166.8
811,2014,JUL,LOW,382079.8
812,2014,AUG,LOW,388228.9
813,2014,SEP,LOW,381604.9
814,2014,OCT,LOW,387801.6
815,2014,NOV,LOW,389049.7
816,2014,DEC,LOW,378385.6
817,2014,JAN,HIGH,374303.5
818,2014,FEB,HIGH,380711.3
819,2014,MAR,HIGH,384614.4
820,2014,APR,HIGH,395396.9
821,2014,MAY,HIGH,392079.7
822,2014,JUN,HIGH,396520.4
823,2014,JUL,HIGH,397024.5
824,2014,AUG,HIGH,391140.8
825,2014,SEP,HIGH,390270.8
826,2014,OCT,HIGH,393764
827,2014,NOV,HIGH,397045.6
828,2014,DEC,HIGH,393826.4
829,2015,JAN,MED,383889
830,2015,FEB,MED,381432
831,2015,MAR,MED,387665
832,2015,APR,MED,387235
833,2015,MAY,MED,392268
834,2015,JUN,MED,391955
835,2015,JUL,MED,395100
836,2015,AUG,MED,394944
837,2015,SEP,MED,394429
838,2015,OCT,MED,394562
839,2015,NOV,MED,395160
840,2015,DEC,MED,NA
841,2015,JAN,LOW,375259.1
842,2015,FEB,LOW,373259.8
843,2015,MAR,LOW,380541.8
844,2015,APR,LOW,385327.1
845,2015,MAY,LOW,387912.5
846,2015,JUN,LOW,382895.8
847,2015,JUL,LOW,389638.8
848,2015,AUG,LOW,393248.9
849,2015,SEP,LOW,387555.9
850,2015,OCT,LOW,392180.6
851,2015,NOV,LOW,391783.7
852,2015,DEC,LOW,NA
853,2015,JAN,HIGH,385156.5
854,2015,FEB,HIGH,384477.3
855,2015,MAR,HIGH,389923.4
856,2015,APR,HIGH,396776.9
857,2015,MAY,HIGH,398775.7
858,2015,JUN,HIGH,400249.4
859,2015,JUL,HIGH,404583.5
860,2015,AUG,HIGH,396160.8
861,2015,SEP,HIGH,396221.8
862,2015,OCT,HIGH,398143
863,2015,NOV,HIGH,399779.6
864,2015,DEC,HIGH,NA
